{"0c61aea3-3cba-35f3-8971-df42cd5b9b1a": [[1.0, 0.0, 0.0, 0.0], [0.0, 1.0, 0.0, 0.0], [0.0, 0.0, 1.0, 0.0], [0.0, 0.0, 0.0, 1.0]], "6b0cc3b0-2802-33a7-b885-f1f1409345ac": [[0.9999568227741872, 0.003272675696646196, -0.00869725135529629, -4.437294542836461], [-0.003248144291217346, 0.999990711160118, 0.0028332229254069705, 20.53323104662377], [0.008706442787732197, -0.0028048506673619546, 0.9999581644582526, -49.3690071096304], [0.0, 0.0, 0.0, 1.0]], "6f2f7d1e-8ded-35c5-ba83-3ca906b05127": [[0.9999842147150536, -0.0005865543122970727, 0.005588047490538677, 0.41196763372939166], [0.0005586966310426161, 0.9999874163262217, 0.004985483655789691, -3.814099910085135], [-0.005590901429309189, -0.004982282935202518, 0.9999719589458304, 43.575924254528424], [0.0, 0.0, 0.0, 1.0]], "7c30c3fc-ea17-38d8-9c52-c75ccb112253": [[0.9999982832689097, -0.0008573797606805802, 0.0016426683108515478, 2.005797102284359], [0.0008665979044219967, 0.9999838365580439, -0.00561921976145156, -5.596074174459657], [-0.001637823954383367, 0.005620633647678136, 0.9999828628582057, -1.8470292563449346], [0.0, 0.0, 0.0, 1.0]], "7cb4b11f-3872-3825-83b5-622e1a2cdb28": [[0.9999632048705351, 0.0024414305087689637, -0.008223644089993938, -2.9746918895941086], [-0.0024500606012575416, 0.999996458301101, -0.0010395134942311752, 15.454058541407436], [0.008221077064363624, 0.0010596236715812333, 0.9999656449546537, -52.68216681974982], [0.0, 0.0, 0.0, 1.0]], "8aad8778-73ce-3fa0-93c7-804ac998667d": [[0.9999783979455753, -0.0008303556167322423, 0.006520287704581247, 1.792928017248659], [0.000882359901364801, 0.9999677943889167, -0.007976943397674971, -5.5305244521344985], [-0.006513454014976668, 0.007982524319725437, 0.9999469257026994, 24.529653383581515], [0.0, 0.0, 0.0, 1.0]], "a2f568b5-060f-33f0-9175-7e2062d86b6c": [[0.999982923850857, -0.0021403084294115294, 0.005437930352462776, 4.152413812990267], [0.0021733097471246174, 0.9999792151889033, -0.00607008360141225, -13.70239535813304], [-0.005424825475008306, 0.006081798254798553, 0.9999667909478562, 21.038338451642353], [0.0, 0.0, 0.0, 1.0]], "a359e053-a350-36cf-ab1d-a7980afaffa2": [[0.9999998375314813, -0.0005695369858936946, 2.3762003847419816e-05, 0.9889592370828953], [0.0005695399075095532, 0.9999998302318556, -0.00012312820120069957, -3.5454581398060023], [-2.3691873748798158e-05, 0.00012314171460571662, 0.9999999921374066, -0.06509177946874178], [0.0, 0.0, 0.0, 1.0]], "b51561d9-08b0-3599-bc78-016f1441bb91": [[0.9999924051033148, -0.002044801636051875, 0.0033179092750526785, 4.128409603738072], [0.0020629399173649142, 0.9999828973264383, -0.005472598424829034, -13.0426186221505], [-0.0033066621517208947, 0.005479401508495099, 0.999979520862564, 8.92849133202742], [0.0, 0.0, 0.0, 1.0]], "b9f73e2a-292a-3876-b363-3ebb94584c7a": [[0.9999994247232328, -0.0007598142709285097, -0.0007571231585077285, 1.1699779371527015], [0.0007617140321621083, 0.999996554660395, 0.0025120627127049435, -4.933022024651251], [0.0007552118488627441, -0.0025126379789075374, 0.999996558146802, -0.3850362975972207], [0.0, 0.0, 0.0, 1.0]], "c654b457-11d4-393c-a638-188855c8f2e5": [[0.9999863751942613, -0.0016900216944164689, 0.004938952572619087, 3.4023873440231402], [0.0017243766740097947, 0.9999742923831928, -0.006959963923688637, -10.827902822698134], [-0.00492706311389553, 0.006968385710142493, 0.9999635821617038, 16.391437389046175], [0.0, 0.0, 0.0, 1.0]], "c990cafc-f96c-3107-b213-01d217b11272": [[0.9999871968298083, -0.0012271134770318374, 0.004909212663613891, 2.620145232520952], [0.001252836020226579, 0.9999854862544519, -0.005240007858160277, -8.095462934614385], [-0.0049027113282879495, 0.005246091207903791, 0.9999742206420473, 19.27422501637294], [0.0, 0.0, 0.0, 1.0]], "cea5f5c2-e786-30f5-8305-baead8923063": [[0.999999578035139, -0.000854374374067633, 0.00033760031547022706, 1.4660794513951099], [0.000854278643758769, 0.9999995948884142, 0.0002836036078409301, -5.290989720501773], [-0.0003378424823593603, -0.00028331508343054065, 0.9999999027975056, 2.598512959477408], [0.0, 0.0, 0.0, 1.0]], "f41d0e8f-856e-3f7d-a3f9-ff5ba7c8e06d": [[0.999991218796033, -0.0003631126812194128, 0.004174982635297988, 0.9566470995350713], [0.00038473608610600096, 0.9999865115414818, -0.005179644123079609, -2.532093033554068], [-0.004173045526752603, 0.005181204906046752, 0.9999778701585117, 14.74580854877977], [0.0, 0.0, 0.0, 1.0]]}