{"05853f69-f948-3d04-8d64-d4e721c0e1a5": [[1.0, 0.0, 0.0, 0.0], [0.0, 1.0, 0.0, 0.0], [0.0, 0.0, 1.0, 0.0], [0.0, 0.0, 0.0, 1.0]], "05fb81ab-5e46-3f63-a59f-82fc66d5a477": [[0.9998918210305187, 0.0037359238254167054, -0.014226352640223561, -0.6665262733487853], [-0.0036791702478245142, 0.9999851780058665, 0.004013411873095944, 2.847049533235596], [0.014241135578346095, -0.003960636532966438, 0.9998907457395998, -21.727724130868154], [0.0, 0.0, 0.0, 1.0]], "150ae964-5091-3681-b738-88715052c792": [[0.999999315577771, 0.00039585787301685846, 0.0011009725401051418, -0.051537265182056625], [-0.0003939172673917494, 0.9999983695851712, -0.001762287203013904, 0.4902371971770527], [-0.0011016683603270161, 0.0017618523047708968, 0.9999978410993096, 1.177698980701519], [0.0, 0.0, 0.0, 1.0]], "1a6487dd-8bc6-3762-bd8a-2e50e15dbe75": [[0.9997262863656396, -0.00019182660657893468, -0.023394776171622278, -0.1144219809858026], [1.441654260361832e-05, 0.9999712466236498, -0.0075832524754893705, -1.3638032729752463], [0.02339555816240759, 0.007580839564106651, 0.999697543624957, -34.49274348296212], [0.0, 0.0, 0.0, 1.0]], "37fcd8ac-c148-3c4a-92ac-a10f355451b7": [[0.9998401839385695, 0.0026014151996734533, -0.0176872615360973, -0.2840966111290748], [-0.0023433518413074287, 0.9998907347369707, 0.01459545440570042, 1.3010513095576977], [0.017723297769750415, -0.014551674340774211, 0.9997370321689824, -25.397090431558134], [0.0, 0.0, 0.0, 1.0]], "422dd53b-6010-4eb9-8902-de3d134c5a70": [[0.9999230895897803, 0.002012823996559216, -0.012237787577301497, 1.3388040650654631], [-0.0019261097193126945, 0.9999729862233343, 0.007093442389722685, 1.5166781769595223], [0.012251734839501247, -0.007069325508563097, 0.9998999548106182, -14.650861477361287], [0.0, 0.0, 0.0, 1.0]], "51e6b881-e5a1-30c8-ae2b-02891d5a54ce": [[0.9999344246283114, -0.00139555804627657, -0.011366567687180416, -0.36630246456657917], [0.0014131561353310906, 0.9999978151564893, 0.0015403480077262124, -2.9548510262640586], [0.01136439320795252, -0.0015563097336978714, 0.999934212069488, -18.853190721569533], [0.0, 0.0, 0.0, 1.0]], "5bc5e7b0-4d90-3ac8-8ca8-f6037e1cf75c": [[0.9997697544525701, 2.9695457142881613e-05, -0.02145780044710018, -0.2295651965162962], [-0.0004895334696249054, 0.9997703397472876, -0.021424941506930875, -0.47711588042308734], [0.02145223621979454, 0.021430512821048346, 0.9995401616150283, -34.031651832574035], [0.0, 0.0, 0.0, 1.0]], "5d9c1080-e6e9-3222-96a2-37ca7286a874": [[0.9998978549467996, 0.006143072425991102, -0.012905128203858682, 1.1208091573027683], [-0.0059678149797635855, 0.9998900415731335, 0.013575343356421863, 5.881498308533378], [0.012987103493709072, -0.013496941284841748, 0.999824568471288, -15.442009748973891], [0.0, 0.0, 0.0, 1.0]], "6bae6c0c-5296-376d-96bc-6c8dbe6693a5": [[0.9998932364738425, 0.0013518987697148492, -0.01454950252004925, 0.5772532509259857], [-0.0011266831159309474, 0.9998795993614119, 0.015476348600974597, 1.375317917499426], [0.014568673207288035, -0.01545830361259138, 0.9997743718511694, -14.418306688819115], [0.0, 0.0, 0.0, 1.0]], "6e106cf8-f6dd-38f6-89c8-9be7a71e7275": [[0.9999972853824612, -5.795853062161025e-06, -0.0023300631142533987, 1.220208498714211], [2.3047329044900835e-05, 0.9999725904340045, 0.0074039077200708965, -1.1258997581449484], [0.002329956336273464, -0.007403941323024434, 0.9999698760244512, -3.354675261629193], [0.0, 0.0, 0.0, 1.0]], "8184872e-4203-3ff1-b716-af5fad9233ec": [[0.9996839427883629, 0.0006045444305928118, -0.02513262933210027, -0.14021657671807078], [-0.0008730700532587034, 0.9999426421607863, -0.010674742956515106, -0.22701118787903224], [0.025124734422385653, 0.010693311673050833, 0.9996271308871462, -36.45283412454435], [0.0, 0.0, 0.0, 1.0]], "8606d399-57d4-3ae9-938b-db7b8fb7ef8c": [[0.9997410114045729, 0.0028656647941942472, -0.022576493993725525, 0.1562027471061727], [-0.0028771095977995417, 0.9999957485506913, -0.0004744690766979251, 2.249917975582768], [0.022575038341576713, 0.000539301242172189, 0.9997450058880247, -32.492201699487666], [0.0, 0.0, 0.0, 1.0]], "89f79c55-6698-3037-bd2e-d40c81af169a": [[0.9997047556092946, 0.0026626680173807427, -0.024151849022173575, -0.14415150372818447], [-0.0023782735995618435, 0.999927592286801, 0.011796355293336697, 1.2264820622975865], [0.024181510019977582, -0.011735432780695531, 0.9996387018271169, -32.885814348206324], [0.0, 0.0, 0.0, 1.0]], "9158b740-6527-3194-9953-6b7b3b28d544": [[0.9999839011748632, 0.0022102731059662232, -0.0052260964302697594, -0.9456214435431253], [-0.0022317707496756728, 0.999989058264908, -0.004111271066634795, 1.2920087481886409], [0.005216952215837134, 0.004122868329148863, 0.999977892438787, -11.853516143388866], [0.0, 0.0, 0.0, 1.0]], "931b76ee-63df-36f6-9f2e-7fb16f2ee721": [[0.9998445868174789, 0.004575441311456239, -0.017025497014486274, -0.5672338708889543], [-0.004292222949216887, 0.9998524246392334, 0.016634475200624384, 3.4988823377771134], [0.01709909453564946, -0.016558812754886486, 0.9997166732060687, -23.596740384855853], [0.0, 0.0, 0.0, 1.0]], "9eb87a0b-2457-359d-b958-81e8583d8e44": [[0.9999752519711246, 0.0014767625312645302, -0.006878562183497267, 1.5819655695618466], [-0.00140103412562752, 0.9999385037402719, 0.011001174530249484, 0.7728088314095795], [0.006894385299996849, -0.010991265172510215, 0.9999158262280095, -9.403648695552624], [0.0, 0.0, 0.0, 1.0]], "9efe1171-6faf-3427-8451-8f6469f7678e": [[0.9999053532374357, 0.0062594375418256595, -0.012251694118730108, -0.8231270482011321], [-0.006181074601258615, 0.9999602654379908, 0.006423539675036485, 5.895194793163409], [0.012291415048423758, -0.006347203072462368, 0.9999043124865821, -19.588500079960816], [0.0, 0.0, 0.0, 1.0]], "bd9636d2-7220-3585-9c7d-4acaea167b71": [[0.9999039722487393, 0.0023671969454260307, -0.013654400748993436, -0.20992536327219483], [-0.0023532023856295396, 0.9999966894903285, 0.0010408875616537193, 1.5314020540903053], [0.013656819531824176, -0.0010086560391449853, 0.9999062325504676, -21.29433469363472], [0.0, 0.0, 0.0, 1.0]], "c8cdffb0-7942-3ff5-9f71-210e095e1d31": [[0.9999994486963854, 0.0008942640390068458, -0.0005503623840844867, -0.1091437190629134], [-0.0008940079043078662, 0.9999994920469039, 0.00046546299672614735, 1.0442266910856013], [0.0005507783513456703, -0.0004649707117931095, 0.9999997402226888, -0.5816116633664602], [0.0, 0.0, 0.0, 1.0]], "d0828f48-3e67-3136-9c70-1f99968c8280": [[0.9999796127388517, -0.001132853028827748, -0.006284166664807061, -0.21232237864813855], [0.0011349000060389407, 0.9999993041010137, 0.0003221792431135735, -2.5653611220008137], [0.006283797309930462, -0.0003293045755470468, 0.9999802025289622, -13.13435479930078], [0.0, 0.0, 0.0, 1.0]], "e453f164-dd36-3f1a-9471-05c2627cbaa5": [[0.9999710281905778, 0.003752469466641427, 0.006622820575888351, 0.04464468015824293], [-0.0037249559556128123, 0.9999844019128179, -0.00416180660202779, 4.690616348212846], [-0.006638334324755793, 0.004137016312012955, 0.9999694083387887, 7.780089482098077], [0.0, 0.0, 0.0, 1.0]], "fb720691-1736-3fa2-940b-07b97603efc6": [[0.999637059887103, -0.0004600325596933499, -0.026935791622160185, 0.058310605677729846], [0.0003179537609022368, 0.9999860166651525, -0.005278766860473095, -1.7585025492363036], [0.026937843374597398, 0.005268286647983653, 0.9996232278964512, -37.92382528404224], [0.0, 0.0, 0.0, 1.0]]}